665,1,1,1,1,1,0,0,1,
666,1,1,1,1,1,1,1,0,
667,0,1,0,1,1,0,1,1,
668,1,1,0,0,1,0,0,1,
669,0,1,1,1,0,0,1,1,
670,0,1,0,0,1,1,1,1,
671,1,1,1,0,0,0,1,1,
672,0,1,1,1,1,1,1,1,
673,0,0,1,1,1,1,1,1,
674,0,1,1,1,0,0,0,0,
675,0,1,1,1,0,1,1,1,
676,1,0,1,0,1,1,1,1,
677,1,0,1,1,0,0,1,1,
678,0,1,0,1,0,1,1,1,
679,0,0,0,1,0,1,1,1,
680,1,1,1,1,1,1,1,1,
681,0,1,1,1,1,0,0,0,
682,1,1,0,0,1,1,1,1,
683,0,1,1,1,0,1,0,1,
684,0,1,0,1,1,1,1,1,
685,1,1,1,0,1,1,0,0,
686,1,1,1,1,0,0,0,0,
687,0,0,1,0,0,0,0,0,
688,1,1,1,1,1,0,1,1,
689,0,1,1,1,0,1,1,0,
690,1,1,1,0,0,1,0,1,
691,1,1,1,1,0,0,0,0,
692,0,0,0,1,0,0,1,1,
693,1,0,1,1,1,1,1,0,
694,0,1,1,1,1,1,1,0,
695,1,0,0,1,1,1,1,1,
696,0,1,0,1,1,1,1,1,
697,1,1,1,1,0,0,1,1,
698,1,1,1,1,0,1,0,0,
699,0,1,0,1,1,1,1,1,
700,1,1,0,1,1,1,0,0,
701,0,1,1,0,0,1,1,1,
702,1,0,1,1,1,1,1,1,
703,1,1,0,1,0,1,1,1,
704,1,1,1,1,0,0,1,1,
705,0,0,0,1,1,0,1,0,
706,0,1,1,1,0,1,0,1,
707,0,1,1,0,1,1,1,1,
708,1,0,1,1,1,1,1,0,
709,0,0,1,1,0,0,1,1,
710,0,1,0,1,1,0,1,0,
711,0,0,0,1,1,1,1,1,
712,1,1,1,1,0,1,1,0,
713,1,1,0,1,0,0,0,1,
714,1,1,1,1,1,0,1,1,
715,1,1,0,0,1,1,1,0,
716,0,0,1,1,1,0,0,1,
717,1,0,1,0,0,1,0,0,
718,0,0,1,0,1,0,0,0,
719,0,1,1,1,0,1,1,1,
720,0,0,1,0,1,1,1,1,
721,1,1,0,1,0,1,1,1,
722,0,1,1,0,0,0,0,1,
723,0,0,0,1,0,1,0,0,
724,1,1,1,0,0,0,1,1,
725,1,1,1,1,1,1,1,1,
726,0,1,1,1,0,1,1,1,
727,0,1,1,1,0,0,1,0,
728,1,1,0,1,1,1,0,1,
729,0,1,1,1,1,1,1,1,
730,0,0,1,1,1,1,1,1,
731,0,0,1,0,1,0,0,1,
732,1,1,0,1,1,1,1,0,
733,1,0,1,1,1,1,1,1,
734,1,1,0,0,1,1,1,1,
735,0,0,0,1,0,1,1,1,
736,1,1,1,1,1,1,1,1,
737,1,1,0,0,1,1,1,0,
738,1,0,1,1,0,1,0,0,
739,1,0,1,1,1,1,0,1,
740,1,0,1,0,1,1,1,1,
741,1,0,1,1,1,0,1,1,
742,0,1,0,0,1,1,1,1,
743,1,0,1,1,0,1,1,1,
744,1,1,0,1,1,1,1,1,
745,1,1,1,1,0,0,0,0,
746,0,0,1,1,0,0,1,0,
747,0,1,1,0,0,1,1,1,
748,1,1,0,1,0,1,1,1,
749,1,0,0,1,0,0,1,1,
750,0,1,1,1,1,0,0,1,
751,1,1,0,0,1,0,1,0,
752,0,0,0,0,1,1,1,1,
753,1,1,0,1,1,0,1,0,
754,1,1,1,0,1,0,1,1,
755,0,1,0,0,0,1,0,1,
756,1,1,1,1,1,1,1,1,
757,0,1,0,1,1,1,1,1,
758,1,1,1,1,0,1,0,1,
759,0,1,1,0,0,1,0,0,
760,0,1,1,0,1,1,1,1,
761,0,0,1,1,0,1,1,0,
762,1,0,1,1,1,0,1,0,
763,1,0,1,0,0,1,1,1,
764,1,0,1,0,0,0,0,1,
765,1,0,1,1,1,1,1,0,
766,1,0,1,0,0,1,0,1,
767,1,1,0,0,1,1,1,0,
768,0,0,0,1,1,0,1,0,
769,1,1,1,1,1,1,0,0,
770,1,1,0,1,0,1,1,1,
771,0,1,1,0,1,1,1,0,
772,1,1,1,0,0,1,1,0,
773,0,0,1,1,1,0,1,1,
774,1,1,0,0,0,0,1,1,
775,0,1,1,1,1,0,1,0,
776,0,0,1,1,1,0,0,1,
777,1,0,0,1,1,1,1,1,
778,0,0,1,1,0,1,1,0,
779,1,0,1,1,1,1,1,1,
780,0,1,0,1,1,0,1,1,
781,1,1,0,0,1,1,1,0,
782,1,1,1,0,1,1,0,1,
783,1,1,0,1,1,1,0,0,
784,1,1,1,1,1,1,1,1,
785,1,1,0,1,1,1,1,1,
786,1,1,0,1,0,0,0,0,
787,0,1,1,0,1,1,0,1,
788,1,1,1,0,0,0,1,0,
789,1,0,0,1,1,0,1,1,
790,0,1,1,0,1,0,1,1,
791,0,1,1,0,1,1,0,1,
792,1,1,0,1,1,1,0,1,
793,0,1,1,1,1,1,0,1,
794,1,0,1,1,1,1,1,1,
795,0,1,0,1,1,1,0,1,
796,0,1,0,1,1,1,1,0,
797,0,1,1,1,1,1,1,1,
798,1,1,0,0,0,1,1,0,
799,1,1,1,1,0,1,1,1,
800,0,0,0,0,0,0,0,1,
801,0,1,0,1,1,1,1,1,
802,1,1,1,1,0,1,1,1,
803,0,1,0,1,1,1,1,1,
804,1,0,1,0,1,1,0,0,
805,0,1,1,1,0,1,1,1,
806,1,1,1,1,1,0,0,1,
807,1,1,1,1,1,0,1,1,
808,0,1,1,1,1,1,1,0,
809,1,1,1,1,1,1,1,1,
810,1,1,1,0,1,0,0,0,
811,0,1,1,1,1,1,1,0,
812,1,1,0,1,0,0,0,1,
813,1,1,1,0,1,0,0,1,
814,1,0,1,0,1,1,1,1,
815,1,1,0,1,1,1,1,1,
816,1,0,1,1,0,0,1,0,
817,0,0,0,0,1,0,1,1,
818,1,0,0,0,1,1,1,0,
819,1,1,0,1,1,1,1,1,
820,0,1,0,1,1,1,1,1,
821,1,1,1,0,1,1,1,1,
822,1,1,0,0,0,0,1,1,
823,1,0,0,1,0,1,1,0,
824,0,1,1,1,1,1,1,1,
825,0,0,1,1,0,1,1,1,
826,1,1,0,1,1,1,0,0,
827,1,0,1,0,1,1,1,0,
828,1,1,0,1,1,0,0,1,
829,1,1,1,0,1,1,0,1,
830,1,1,0,1,1,1,1,1,
831,1,1,1,0,0,0,0,1,
832,1,1,0,1,1,1,0,1,
833,1,1,1,1,0,1,1,1,
834,1,1,0,1,0,1,1,1,
835,1,1,1,0,1,1,0,1,
836,1,1,0,1,1,1,1,1,
837,1,1,0,0,1,0,1,0,
838,1,1,1,0,0,1,1,1,
839,1,1,1,1,1,1,0,1,
840,0,1,1,0,1,0,0,1,
841,1,1,1,0,1,0,1,1,
842,1,1,1,1,1,0,0,1,
843,1,1,1,1,0,0,1,1,
844,1,0,1,0,1,0,1,0,
845,1,1,1,1,0,1,1,1,
846,1,0,1,0,1,0,1,0,
847,1,1,1,1,0,1,1,1,
848,0,0,0,1,0,1,1,1,
849,0,1,1,1,0,1,0,1,
850,0,0,0,0,1,1,1,0,
851,1,1,1,0,1,1,1,0,
852,1,0,1,1,1,0,0,1,
853,1,1,0,0,0,0,0,1,
854,0,1,1,0,0,1,1,1,
855,1,1,1,1,0,0,1,0,
856,1,1,1,1,1,0,0,1,
857,1,1,1,1,0,1,1,1,
858,0,1,1,0,1,0,1,0,
859,0,1,1,0,1,0,0,0,
860,1,1,1,1,1,1,1,1,
861,1,0,0,0,0,1,0,0,
862,1,1,1,0,1,0,1,1,
863,1,1,0,0,1,0,0,1,
864,1,1,0,1,1,0,1,1,
865,0,0,1,1,1,1,0,1,
866,0,0,1,1,0,1,1,1,
867,1,1,1,1,1,1,0,1,
868,1,0,1,1,0,1,1,1,
869,1,1,0,1,0,1,0,1,
870,1,0,0,0,1,1,1,0,
871,1,1,0,0,0,0,0,1,
872,0,0,1,0,1,0,0,1,
873,0,0,0,0,1,1,0,1,
874,1,1,0,0,1,1,1,0,
875,0,1,1,0,1,1,0,1,
876,0,1,1,1,1,1,0,1,
877,1,1,0,1,0,1,1,1,
878,1,1,1,1,0,0,0,1,
879,0,0,0,1,1,1,1,1,
880,1,1,0,0,0,1,0,1,
881,0,1,0,0,1,1,1,1,
882,1,1,0,1,1,1,0,1,
883,1,1,1,1,0,1,0,0,
884,0,0,0,0,1,1,1,1,
885,0,0,0,0,0,0,1,1,
886,0,0,0,1,1,1,0,1,
887,1,0,0,0,0,1,1,1,
888,1,0,0,0,1,1,1,1,
889,1,0,1,1,1,1,1,1,
890,1,1,1,1,0,0,1,1,
891,1,0,1,1,0,1,1,1,
892,1,0,0,1,1,1,1,1,
893,1,1,0,1,1,1,0,0,
894,1,1,1,1,0,0,0,0,
895,1,0,1,1,0,1,1,1,
896,1,0,1,0,1,1,1,1,
897,1,1,1,1,1,0,1,0,
898,1,1,1,1,1,1,1,1,
899,1,1,1,1,1,0,0,1,
900,0,0,0,0,1,1,1,0,
901,1,0,1,1,1,1,1,0,
902,1,1,1,1,1,1,0,1,
903,0,1,0,1,0,1,1,0,
904,1,1,1,1,1,0,0,0,
905,0,0,1,1,1,1,0,1,
906,0,1,1,1,1,0,1,1,
907,1,1,1,1,0,1,1,1,
908,0,0,1,1,1,1,1,1,
909,1,1,0,1,0,1,1,1,
910,0,0,1,1,0,1,0,1,
911,1,1,0,1,1,1,0,1,
912,1,0,0,0,0,0,1,0,
913,0,1,1,0,1,0,1,1,
914,1,1,1,1,1,0,1,1,
915,0,1,1,0,1,1,1,1,
916,0,1,1,1,0,1,1,1,
917,1,0,0,0,1,0,1,1,
918,0,1,1,1,0,1,1,1,
919,1,1,0,1,1,1,1,0,
920,1,0,1,1,1,1,1,1,
921,1,1,1,1,1,1,1,1,
922,0,1,0,1,1,0,1,1,
923,1,0,1,0,1,1,0,1,
924,0,1,1,1,1,0,1,0,
925,1,0,1,1,1,1,1,1,
926,0,0,1,1,1,1,1,1,
927,0,0,0,0,1,1,1,1,
928,1,1,0,0,0,1,1,1,
929,0,0,1,0,0,1,0,1,
930,1,1,1,0,1,1,1,0,
931,0,0,0,1,1,1,1,1,
932,1,1,1,0,1,0,0,1,
933,1,1,1,1,1,1,0,1,
934,0,0,1,1,1,1,1,1,
935,0,1,0,1,0,1,0,1,
936,1,1,1,1,1,0,1,1,
937,1,0,1,1,1,0,1,1,
938,1,1,0,1,1,0,1,1,
939,1,1,1,1,0,1,1,1,
940,1,1,1,1,1,0,1,1,
941,1,0,0,1,0,1,1,0,
942,1,1,0,1,0,1,1,1,
943,1,0,1,1,1,1,1,1,
944,1,1,0,1,0,1,1,1,
945,0,1,0,0,0,1,1,1,
946,1,1,1,1,1,1,1,0,
947,1,0,0,0,1,1,0,0,
948,0,1,0,1,1,0,1,1,
949,1,0,1,1,0,1,1,1,
950,1,0,1,0,0,0,1,1,
951,1,0,0,1,0,1,0,1,
952,1,0,0,1,1,1,1,1,
953,0,0,1,1,0,1,1,1,
954,1,0,1,1,0,1,1,1,
955,0,1,0,0,1,0,1,0,
956,1,1,1,0,1,1,1,1,
957,1,1,1,0,1,1,1,0,
958,1,1,0,1,0,1,0,0,
959,1,1,1,1,0,1,1,1,
960,1,1,1,1,1,1,0,1,
961,0,1,1,1,1,1,1,1,
962,1,1,1,1,1,1,1,1,
963,1,1,0,1,0,1,1,1,
964,1,0,1,1,1,1,0,1,
965,1,1,0,1,0,0,1,1,
966,0,1,0,1,1,1,1,1,
967,1,1,1,1,0,0,0,0,
968,1,1,1,1,1,1,0,1,
969,1,0,1,1,1,0,0,1,
970,1,1,1,0,1,1,1,0,
971,1,1,1,1,0,1,1,1,
972,0,0,1,1,1,1,1,0,
973,1,1,0,0,1,0,0,1,
974,0,1,1,0,1,1,0,1,
975,0,0,1,0,1,1,1,1,
976,0,1,1,1,1,1,1,0,
977,1,0,0,1,0,1,1,1,
978,1,1,1,1,1,0,1,1,
979,1,1,0,1,0,1,0,1,
980,1,1,1,0,1,1,1,0,
981,0,1,0,0,1,0,1,1,
982,0,1,1,1,1,1,1,1,
983,0,1,0,1,0,1,0,1,
984,1,1,0,0,1,0,1,0,
985,1,1,0,0,1,1,1,1,
986,0,1,1,1,1,1,0,1,
987,1,1,1,1,1,1,1,0,
988,1,0,0,0,1,0,1,0,
989,0,1,1,0,1,1,1,0,
990,1,1,1,0,1,1,1,0,
991,1,1,0,0,0,1,1,1,
992,1,1,1,1,1,1,1,1,
993,0,1,1,1,1,1,1,1,
994,0,1,1,1,1,1,0,1,
995,0,1,1,0,1,0,0,1,
996,1,1,1,1,1,0,0,0,
997,0,0,0,0,1,1,1,1,
998,1,1,1,1,1,0,1,1,
999,1,1,1,0,0,1,0,1,
1000,0,0,0,1,1,0,1,0,
1001,0,1,1,1,1,1,1,1,
1002,1,0,0,1,1,0,1,1,
1003,0,1,1,0,1,0,1,1,
1004,1,1,0,0,1,0,1,1,
1005,0,1,1,1,1,0,0,1,
1006,0,1,1,1,1,0,0,1,
1007,1,1,1,1,1,0,0,1,
1008,1,1,0,1,1,1,0,1,
1009,0,0,0,0,0,1,1,1,
1010,1,1,1,1,1,1,1,0,
1011,1,1,1,0,1,0,0,0,
1012,0,1,1,1,1,0,0,1,
1013,1,1,1,1,0,1,1,1,
1014,0,1,1,1,1,1,1,1,
1015,1,0,1,1,1,1,1,1,
1016,1,1,0,0,0,1,1,1,
1017,0,0,1,1,1,0,1,1,
1018,1,1,1,0,0,0,0,1,
1019,0,0,0,1,1,0,1,0,
1020,1,0,1,1,1,1,0,0,
1021,1,1,1,1,0,1,0,1,
1022,0,0,0,0,1,1,0,1,
1023,1,0,1,1,0,0,1,1,
1024,1,0,1,1,1,1,0,1,
1025,0,0,0,1,0,1,0,0,
1026,1,1,1,1,0,1,0,1,
1027,1,0,1,1,1,1,1,1,
1028,0,1,1,0,0,0,1,0,
1029,0,1,1,1,1,0,1,0,
1030,0,1,1,1,1,1,1,0,
1031,1,0,1,0,1,1,1,1,
1032,1,1,0,0,1,1,1,1,
1033,1,1,0,1,1,1,1,0,
1034,1,1,0,1,0,1,0,1,
1035,1,1,0,1,0,1,0,1,
1036,1,0,1,0,1,0,0,1,
1037,0,0,1,1,0,1,1,1,
1038,0,1,1,1,0,0,0,1,
1039,1,1,1,1,1,0,0,1,
1040,0,1,1,1,0,1,1,1,
1041,0,1,0,1,0,1,1,1,
1042,0,1,1,0,1,1,1,1,
1043,1,1,1,1,1,0,1,0,
1044,0,0,1,1,1,0,0,1,
1045,0,1,1,1,0,1,1,0,
1046,0,1,0,1,1,1,1,1,
1047,1,0,1,0,0,1,1,1,
1048,0,1,1,0,1,1,1,0,
1049,0,1,1,1,0,0,1,0,
1050,1,0,1,1,1,1,0,1,
1051,1,1,1,1,1,1,1,0,
1052,1,0,0,1,1,0,0,1,
1053,1,1,1,1,1,1,0,1,
1054,0,0,0,1,0,1,1,1,
1055,0,0,1,0,0,1,1,1,
1056,1,1,1,1,0,1,1,1,
1057,1,1,0,0,1,1,0,0,
1058,1,0,1,1,1,1,1,1,
1059,1,0,0,1,1,1,1,0,
1060,1,1,0,1,1,0,0,0,
1061,1,1,1,1,0,0,1,1,
1062,0,1,1,0,0,1,1,1,
1063,0,1,1,0,1,1,0,1,
1064,0,0,1,0,1,1,0,1,
1065,1,0,1,1,0,1,1,1,
1066,1,1,1,1,1,1,1,1,
1067,0,1,0,1,1,1,0,0,
1068,1,0,0,0,1,0,1,1,
1069,1,1,1,0,1,1,0,1,
1070,1,0,1,1,1,1,1,1,
1071,1,1,0,1,1,0,1,1,
1072,1,1,1,1,1,0,1,1,
1073,0,1,1,0,0,0,1,0,
1074,1,1,1,1,1,1,0,0,
1075,1,0,1,1,1,1,0,1,
1076,0,0,1,1,1,0,1,0,
1077,1,1,1,0,1,0,1,1,
1078,1,0,1,1,1,1,1,1,
1079,0,1,0,1,1,1,1,0,
1080,1,0,0,1,0,1,0,1,
1081,1,1,0,1,0,1,1,0,
1082,1,1,1,1,0,1,1,1,
1083,1,0,1,1,1,0,0,1,
1084,0,1,1,1,1,0,1,0,
1085,0,1,1,1,0,1,1,1,
1086,1,0,1,1,1,0,0,0,
1087,1,1,1,0,0,1,1,1,
1088,1,0,1,1,0,1,1,0,
1089,1,1,0,1,1,1,1,1,
1090,1,1,1,1,1,0,0,0,
1091,1,1,0,1,1,1,0,0,
1092,1,1,0,1,0,1,0,0,
1093,0,1,1,1,1,1,0,1,
1094,1,1,0,1,1,1,0,1,
1095,1,0,0,1,1,0,0,0,
1096,1,1,1,1,1,0,1,1,
1097,1,0,1,1,1,1,1,0,
1098,0,0,1,1,1,1,0,1,
1099,1,1,0,1,0,1,1,0,
1100,1,1,1,1,1,1,1,1,
1101,0,1,1,1,0,1,1,1,
1102,1,1,1,0,0,1,0,1,
1103,0,0,1,1,0,0,1,0,
1104,0,0,1,1,1,1,1,1,
1105,1,1,1,1,0,1,1,1,
1106,0,0,1,1,0,1,1,1,
1107,1,1,1,0,1,0,1,0,
1108,1,1,1,1,1,1,1,1,
1109,1,1,1,1,1,1,0,0,
1110,0,1,1,1,1,1,1,0,
1111,0,1,1,1,0,1,1,1,
1112,1,0,1,0,1,0,0,0,
1113,1,1,1,1,1,0,0,1,
1114,1,1,0,1,0,1,1,0,
1115,1,1,1,1,1,0,1,0,
1116,1,0,1,1,1,0,0,1,
1117,1,1,0,1,1,1,1,1,
1118,0,1,1,1,1,1,1,1,
1119,1,1,1,1,0,0,0,1,
1120,1,1,1,1,1,1,0,1,
1121,1,1,1,1,1,1,1,0,
1122,1,1,1,1,1,1,1,1,
1123,1,0,1,1,0,1,1,1,
1124,1,1,1,1,0,1,1,1,
1125,0,1,0,1,1,1,1,1,
1126,0,1,1,0,1,1,1,1,
1127,1,1,0,1,1,1,1,1,
1128,1,1,1,1,1,1,1,1,
1129,0,1,1,1,1,1,0,1,
1130,1,0,1,0,1,1,0,0,
1131,0,1,1,1,1,1,1,1,
1132,0,1,1,1,1,1,1,1,
1133,1,0,1,1,1,1,1,1,
1134,0,0,1,1,1,0,1,1,
1135,0,0,1,0,0,1,1,1,
1136,0,1,1,1,1,1,0,1,
1137,1,0,1,0,0,1,1,0,
1138,0,0,1,1,0,1,1,1,
1139,1,1,1,1,0,1,1,0,
1140,0,0,0,1,1,1,0,0,
1141,1,0,1,1,1,1,1,1,
1142,1,1,0,1,1,0,0,1,
1143,1,1,1,1,1,1,0,1,
1144,1,0,0,1,0,0,0,1,
1145,1,1,1,1,0,1,0,1,
1146,1,0,1,0,1,1,1,1,
1147,1,0,0,1,1,1,0,1,
1148,1,1,0,0,1,1,1,1,
1149,0,1,0,1,0,1,1,1,
1150,1,1,1,0,0,0,0,1,
1151,0,1,1,1,1,1,1,1,
1152,1,0,0,1,1,0,1,1,
1153,0,1,1,1,0,0,0,1,
1154,1,1,1,0,1,1,0,1,
1155,1,1,1,1,1,1,0,0,
1156,0,0,1,1,1,1,1,0,
1157,1,1,1,0,0,0,1,1,
1158,1,1,1,1,1,1,1,0,
1159,0,1,1,1,1,1,0,1,
1160,1,1,1,1,0,1,0,1,
1161,1,1,1,1,1,1,0,1,
1162,1,0,1,1,1,1,1,1,
1163,0,0,1,0,1,1,1,1,
1164,1,1,1,1,0,0,1,1,
1165,0,1,1,1,1,1,1,1,
1166,0,0,1,0,1,1,0,1,
1167,0,0,1,1,1,1,1,1,
1168,1,1,1,0,0,0,0,1,
1169,0,1,1,1,1,0,1,1,
1170,1,1,0,1,1,1,0,1,
1171,0,0,1,1,1,1,0,0,
1172,1,0,1,0,1,0,1,1,
1173,1,1,1,0,1,0,1,1,
1174,1,1,1,1,1,1,1,1,
1175,1,1,1,1,0,1,1,1,
1176,0,1,1,1,1,1,1,0,
1177,1,1,1,1,1,1,0,0,
1178,1,0,1,0,1,1,0,1,
1179,1,1,1,0,1,0,1,1,
1180,1,1,0,1,1,1,0,1,
1181,1,0,1,1,1,0,1,1,
1182,1,1,0,1,1,1,1,1,
1183,1,0,1,1,1,1,0,1,
1184,1,1,1,0,1,1,0,1,
1185,1,1,1,1,1,1,1,0,
1186,1,1,1,1,0,1,0,1,
1187,0,1,1,1,1,1,1,0,
1188,1,1,1,1,1,1,0,1,
1189,1,1,0,1,1,1,1,1,
1190,1,1,1,1,1,1,1,0,
1191,1,0,1,0,1,1,1,1,
1192,1,1,1,1,1,0,1,0,
1193,1,0,0,0,1,1,1,1,
1194,1,0,0,0,1,0,1,0,
1195,1,0,0,1,0,1,1,0,
1196,1,1,0,1,0,1,1,1,
1197,1,1,1,1,0,1,1,1,
1198,1,0,1,1,1,0,1,1,
1199,1,0,1,0,1,1,1,1,
1200,1,1,1,1,1,0,0,1,
1201,1,1,1,0,0,1,1,0,
1202,1,1,0,1,1,1,1,0,
1203,1,1,0,1,1,1,0,1,
1204,1,1,1,0,0,1,0,0,
1205,1,1,1,1,1,1,1,1,
1206,0,1,0,1,1,1,1,0,
1207,1,1,1,1,1,1,0,0,
1208,0,1,0,0,0,0,1,0,
1209,1,1,1,0,1,1,1,1,
1210,1,1,0,1,1,0,1,1,
1211,1,1,1,1,1,1,0,1,
1212,1,1,1,1,0,1,1,0,
1213,0,0,1,0,1,1,0,1,
1214,1,0,1,0,0,0,0,1,
1215,0,1,1,1,1,1,0,1,
1216,0,0,1,0,0,1,0,1,
1217,1,1,1,1,0,1,0,1,
1218,1,0,1,1,1,0,1,1,
1219,1,1,1,0,1,1,1,0,
1220,1,0,1,1,1,1,0,1,
1221,1,1,0,1,0,1,0,0,
1222,0,1,1,1,0,0,0,0,
1223,0,1,0,0,1,1,1,1,
1224,1,1,1,1,1,1,0,1,
1225,1,1,0,1,0,1,0,1,
1226,0,0,1,1,0,1,1,0,
1227,1,1,1,1,1,1,1,1,
1228,0,1,0,1,1,1,0,0,
1229,0,0,1,1,1,1,1,1,
1230,1,1,1,1,1,1,1,1,
1231,1,1,1,0,0,1,1,1,
1232,1,1,0,1,1,1,1,1,
1233,0,1,1,1,0,1,0,0,
1234,1,1,1,1,1,1,1,1,
1235,1,0,0,1,1,1,1,0,
1236,1,0,0,1,1,1,1,0,
1237,0,0,0,1,1,1,1,1,
1238,0,1,1,0,1,1,0,0,
1239,1,1,1,0,1,0,1,0,
1240,0,0,1,1,1,1,0,1,
1241,1,1,1,1,0,1,1,0,
1242,1,1,1,1,0,1,1,0,
1243,1,0,1,0,0,1,0,0,
1244,1,1,1,1,1,1,0,0,
1245,1,0,1,0,0,1,1,1,
1246,1,1,1,0,0,0,1,1,
1247,0,1,0,1,1,1,1,1,
1248,1,0,1,0,1,1,1,1,
1249,1,0,1,0,1,1,1,1,
1250,1,1,1,1,1,1,1,1,
1251,0,1,1,0,1,0,1,1,
1252,1,1,0,1,1,1,0,1,
1253,0,1,1,1,1,0,1,1,
1254,1,0,0,1,1,1,1,1,
1255,0,1,1,0,1,1,0,0,
1256,1,1,0,0,0,1,1,1,
1257,1,1,1,1,1,1,0,1,
1258,1,1,1,1,0,1,0,0,
1259,0,1,1,0,0,0,1,1,
1260,1,0,0,0,1,1,0,1,
1261,0,1,1,0,1,1,1,1,
1262,0,1,1,0,1,1,1,0,
1263,1,1,1,0,0,1,1,1,
1264,1,1,1,1,1,0,1,1,
1265,1,1,0,1,1,1,0,1,
1266,1,1,0,1,1,1,1,1,
1267,1,0,1,0,1,1,0,1,
1268,1,1,0,1,0,0,1,1,
1269,1,1,1,1,0,1,1,0,
1270,1,1,1,0,1,0,1,1,
1271,1,1,1,1,0,0,1,1,
1272,1,1,1,1,1,1,1,1,
1273,0,1,1,0,0,0,1,1,
1274,1,1,0,0,1,1,1,1,
1275,1,1,0,1,0,1,1,1,
1276,1,1,0,0,1,1,0,1,
1277,1,1,1,1,1,1,0,1,
1278,1,0,1,1,1,1,0,1,
1279,1,1,1,0,1,1,1,1,
1280,1,0,1,1,1,1,0,1,
1281,1,0,1,1,0,1,0,0,
1282,1,1,1,1,0,1,1,1,
1283,1,1,0,1,1,0,1,1,
1284,1,0,1,1,1,1,1,0,
1285,0,0,0,1,0,1,1,1,
1286,1,1,1,1,1,1,1,1,
1287,1,0,1,0,1,1,1,0,
1288,1,1,0,1,1,1,1,1,
1289,1,1,0,1,0,1,1,0,
1290,1,1,0,1,0,0,1,1,
1291,1,0,1,1,1,1,0,0,
1292,1,1,0,1,1,1,0,1,
1293,0,0,0,0,0,0,0,1,
1294,1,0,1,1,0,1,1,1,
1295,0,1,1,1,0,1,1,0,
1296,0,1,0,1,1,1,1,1,
1297,1,1,0,0,1,0,0,0,
1298,1,0,1,1,1,1,1,1,
1299,1,1,1,0,1,0,1,1,
1300,1,1,1,1,1,1,1,1,
1301,0,1,0,1,1,0,1,1,
1302,1,1,1,1,0,1,0,1,
1303,1,1,1,1,1,1,1,1,
1304,1,0,1,1,1,0,1,1,
1305,0,1,0,1,1,1,1,1,
1306,0,0,0,1,0,1,1,1,
1307,0,0,1,1,1,1,1,1,
1308,1,1,0,1,1,1,1,1,
1309,1,0,0,1,1,1,1,1,
1310,1,1,1,1,1,1,1,0,
1311,1,1,1,0,1,1,1,1,
1312,1,1,0,1,0,1,1,1,
1313,0,1,1,1,1,1,0,1,
1314,1,0,1,1,1,0,1,1,
1315,1,1,1,0,0,1,1,1,
1316,1,1,1,0,0,0,0,1,
1317,1,1,1,1,1,1,0,1,
1318,1,1,1,0,1,1,1,0,
1319,0,1,1,1,0,1,1,1,
1320,1,0,0,0,1,1,1,0,
1321,0,1,1,1,0,1,1,1,
1322,0,1,0,1,0,1,1,1,
1323,0,0,1,1,1,1,0,1,
1324,1,1,1,1,0,1,0,1,
1325,0,1,1,0,0,1,1,1,
1326,1,1,1,1,1,0,1,1,
1327,1,1,0,1,1,1,0,1,
1328,1,1,1,1,1,1,0,1,
1329,1,1,1,1,1,1,1,1,
1330,0,1,0,1,1,1,1,0,
1331,1,1,1,1,1,1,1,0,
1332,0,1,1,1,1,0,1,1,
1333,0,0,1,0,0,0,1,0,
1334,1,1,1,1,1,0,1,1,
1335,1,0,1,1,1,0,0,1,
1336,0,1,1,1,1,1,1,0,
1337,0,1,0,1,1,0,1,0,
1338,1,0,1,1,1,0,1,1,
1339,1,1,1,1,1,1,0,1,
1340,0,1,0,0,1,1,1,0,
1341,0,1,1,1,1,1,1,1,
1342,0,1,1,1,0,1,1,1,
1343,1,1,1,0,1,0,1,1,
1344,0,1,1,0,0,0,1,0,
1345,1,0,1,1,1,1,1,0,
1346,1,0,1,1,1,1,1,1,
1347,0,1,0,1,1,1,1,1,
1348,0,1,0,0,0,1,1,0,
1349,1,1,1,1,1,1,1,1,
1350,0,0,1,0,1,1,0,1,
1351,1,1,1,0,0,1,1,0,
1352,1,0,1,1,1,1,1,0,
1353,1,1,1,1,1,1,1,1,
1354,1,1,1,1,1,1,1,1,
1355,0,0,1,1,1,0,1,1,
1356,1,1,1,1,1,1,1,1,
1357,0,1,1,1,0,1,0,1,
1358,1,1,0,0,1,1,1,1,
1359,1,0,1,1,0,1,1,1,
1360,0,1,1,1,0,1,1,1,
1361,1,1,1,1,1,0,1,1,
1362,1,0,1,1,1,1,0,1,
1363,1,1,1,1,1,0,1,1,
1364,0,0,1,1,1,0,1,1,
1365,1,1,0,1,1,1,0,1,
1366,1,0,0,1,0,1,1,0,
1367,1,1,1,1,1,0,1,1,
1368,1,1,1,1,1,1,1,1,
1369,0,1,1,1,1,1,1,1,
1370,0,1,0,1,1,1,1,0,
1371,1,0,0,1,1,1,1,1,
1372,0,1,1,1,0,1,1,1,
1373,1,0,1,1,1,0,1,1,
1374,0,0,0,0,1,1,0,1,
1375,1,1,1,0,1,1,0,1,
1376,1,1,1,1,1,1,1,0,
1377,1,1,1,1,1,1,1,1,
1378,1,0,1,0,1,1,0,1,
1379,1,0,1,1,1,1,1,0,
1380,0,1,0,1,0,1,1,1,
1381,1,0,1,0,1,1,1,1,
1382,1,1,1,0,1,0,0,1,
1383,1,0,0,0,1,1,0,1,
1384,1,1,1,1,1,0,1,1,
1385,1,1,0,1,0,1,1,1,
1386,1,0,1,1,0,1,1,1,
1387,1,1,1,1,1,0,1,1,
1388,1,1,1,1,1,1,1,0,
1389,1,1,1,1,0,1,0,1,
1390,0,0,1,1,1,0,1,0,
1391,1,1,0,1,1,1,1,1,
1392,1,1,0,1,1,1,1,1,
1393,1,0,0,0,1,0,0,0,
1394,1,0,1,1,0,1,1,1,
1395,1,1,1,1,1,0,0,1,
1396,0,0,0,0,0,0,1,1,
1397,0,1,1,1,1,1,1,1,
1398,1,1,1,0,0,0,1,1,
1399,1,0,1,1,1,1,0,1,
1400,1,1,0,1,1,1,1,1,
1401,1,1,0,1,1,1,1,0,
1402,1,1,0,1,0,1,0,1,
1403,1,1,0,0,1,1,1,1,
1404,1,1,1,1,0,1,0,1,
1405,1,0,0,1,1,0,1,1,
1406,1,1,1,1,0,1,1,0,
1407,1,1,1,1,1,1,1,1,
1408,1,0,1,0,1,1,1,1,
1409,1,1,0,0,1,1,0,1,
1410,0,1,1,1,1,1,0,1,
1411,1,1,1,1,0,0,1,0,
1412,1,1,1,1,1,1,1,1,
1413,1,0,1,1,0,1,1,1,
1414,1,0,0,0,0,1,0,1,
1415,1,0,1,0,1,0,0,1,
1416,1,1,1,0,1,0,1,1,
1417,1,1,0,1,1,0,0,1,
1418,1,1,1,1,1,1,0,1,
1419,0,1,0,1,1,1,0,1,
1420,1,1,1,0,1,1,1,1,
1421,0,0,1,0,0,1,1,1,
1422,0,1,1,0,1,0,1,1,
1423,1,0,1,1,1,1,1,1,
1424,1,0,1,0,0,0,1,0,
1425,1,1,1,1,1,1,0,1,
1426,0,0,0,1,1,0,1,0,
1427,1,0,1,0,0,0,1,1,
1428,0,0,1,1,0,1,0,0,
1429,1,0,1,1,1,0,0,1,
1430,1,0,1,0,1,1,1,1,
1431,1,1,1,1,1,1,1,0,
1432,1,1,1,1,1,1,1,1,
1433,1,1,0,0,1,0,0,1,
1434,1,1,1,1,0,1,0,1,
1435,0,1,1,1,1,0,1,1,
1436,1,0,1,1,0,1,0,1,
1437,1,0,1,1,1,1,1,0,
1438,0,1,0,1,1,1,1,1,
1439,1,0,0,0,1,1,1,1,
1440,1,0,1,1,1,1,1,1,
1441,0,0,0,1,1,1,0,1,
1442,1,1,1,1,0,1,1,1,
1443,0,0,0,1,1,0,1,0,
1444,1,0,1,0,0,1,0,0,
1445,0,1,1,1,1,1,0,1,
1446,1,0,1,0,1,0,1,0,
1447,0,1,1,1,1,1,0,1,
1448,1,1,1,1,0,1,0,1,
1449,0,1,1,0,1,0,0,1,
1450,1,1,1,0,1,0,1,0,
1451,0,1,1,1,1,0,1,1,
1452,0,1,1,1,1,0,1,1,
1453,1,1,1,0,1,0,0,1,
1454,0,1,1,1,1,1,1,1,
1455,0,1,0,0,0,0,1,1,
1456,0,1,0,0,0,1,0,1,
1457,1,1,0,1,1,1,1,1,
1458,1,1,1,0,1,1,1,1,
1459,0,1,1,1,0,1,1,1,
1460,0,1,1,1,1,1,1,0,
1461,0,1,0,1,0,1,1,1,
1462,1,0,1,1,1,0,1,1,
1463,1,1,1,0,0,1,1,1,
1464,0,0,1,1,0,1,1,0,
1465,0,1,1,1,0,1,1,1,
1466,0,0,1,1,1,1,1,1,
1467,0,0,1,1,1,1,1,0,
1468,1,0,1,1,1,1,1,1,
1469,1,0,0,1,0,0,1,1,
1470,1,1,1,1,1,0,0,1,
1471,1,0,0,0,1,1,1,1,
1472,1,0,1,1,1,1,1,1,
1473,1,1,1,0,0,1,0,1,
1474,1,1,0,1,1,1,1,1,
1475,1,1,1,1,1,1,0,1,
1476,1,0,1,1,1,1,1,0,
1477,1,1,1,0,1,1,1,1,
1478,1,1,1,0,0,0,0,1,
1479,1,0,1,1,0,1,1,0,
1480,1,0,1,1,0,1,1,1,
1481,1,1,1,0,1,1,1,1,
1482,1,0,1,0,1,1,1,1,
1483,1,1,0,1,1,0,1,1,
1484,1,1,1,0,1,1,1,1,
1485,1,0,1,1,1,0,1,0,
1486,1,1,1,1,1,0,0,1,
1487,0,1,0,1,1,1,1,0,
1488,1,1,0,0,0,1,1,1,
1489,1,1,1,1,1,1,1,1,
1490,0,1,0,1,1,1,1,1,
1491,1,0,0,0,1,0,0,1,
1492,1,1,1,1,1,1,1,1,
1493,1,0,1,0,0,1,1,1,
1494,1,1,1,0,1,1,1,1,
1495,0,1,1,0,1,1,0,1,
1496,1,1,1,1,1,0,0,1,
1497,0,0,1,1,1,1,1,0,
1498,0,1,1,1,1,1,0,1,
1499,0,1,1,1,0,1,1,1,
1500,1,1,0,1,0,1,1,0,
1501,1,0,1,1,1,1,0,1,
1502,0,1,1,1,0,1,1,0,
1503,0,1,0,0,1,0,1,1,
1504,0,1,0,1,1,0,1,1,
1505,0,1,1,1,0,1,0,0,
1506,0,1,1,1,1,1,1,1,
1507,0,0,0,1,1,1,0,1,
1508,0,1,0,1,0,0,1,0,
1509,0,1,1,1,1,1,1,1,
1510,1,1,1,1,1,1,1,1,
1511,1,0,1,1,1,1,1,1,
1512,1,0,1,1,0,1,0,1,
1513,1,1,1,1,1,1,1,1,
1514,1,1,0,1,1,1,1,1,
1515,1,1,1,1,0,0,1,1,
1516,1,1,1,0,1,0,1,0,
1517,0,1,0,1,1,1,1,1,
1518,0,1,1,0,0,0,1,0,
1519,1,0,1,1,1,1,1,1,
1520,1,1,1,1,0,0,1,1,
1521,0,1,0,1,1,1,0,1,
1522,1,1,0,1,0,1,0,0,
1523,1,1,1,1,0,1,0,1,
1524,1,1,1,0,1,1,1,1,
1525,1,0,1,1,1,0,1,1,
1526,0,0,1,0,1,1,0,1,
1527,1,0,1,0,1,0,0,0,
1528,1,0,0,1,0,1,1,1,
1529,0,1,1,1,1,0,1,0,
1530,1,0,0,0,1,0,1,1,
1531,1,1,1,1,1,1,1,1,
1532,1,0,1,1,0,0,1,1,
1533,1,1,1,1,1,0,1,1,
1534,1,0,1,1,1,1,1,1,
1535,0,0,1,0,1,1,1,1,
1536,1,1,0,1,1,1,1,1,
1537,0,0,1,1,1,1,1,1,
1538,1,0,0,1,1,0,1,1,
1539,0,1,1,1,1,1,0,1,
1540,0,1,0,1,1,1,1,1,
1541,0,1,1,1,1,0,1,0,
1542,1,1,1,1,1,1,1,0,
1543,0,1,1,1,0,1,1,0,
1544,0,1,1,1,1,1,1,1,
1545,1,1,1,1,1,0,1,1,
1546,1,1,1,1,0,1,1,1,
1547,1,1,1,1,0,1,1,0,
1548,0,0,1,0,1,0,0,1,
1549,0,0,1,1,0,1,0,1,
1550,1,0,1,0,0,1,0,0,
1551,0,1,0,1,1,1,1,1,
1552,0,1,1,1,1,0,0,1,
1553,0,1,0,1,0,1,0,1,
1554,0,1,1,1,1,0,1,1,
1555,0,0,1,1,0,1,1,0,
1556,1,1,1,0,1,0,1,0,
1557,0,0,0,1,1,0,1,1,
1558,0,1,0,1,1,1,1,0,
1559,1,1,1,0,1,1,1,0,
1560,1,0,1,1,1,0,1,1,
1561,0,1,0,1,0,1,1,0,
1562,1,0,0,0,1,1,0,0,
1563,0,0,1,1,0,1,1,0,
1564,1,1,1,1,0,1,1,0,
1565,1,1,1,0,1,1,1,1,
1566,1,1,1,0,0,1,0,1,
1567,1,1,1,0,1,0,1,0,
1568,1,1,1,1,0,0,1,0,
1569,1,0,0,0,1,1,0,1,
1570,1,0,0,1,0,1,1,1,
1571,0,0,1,1,1,0,1,0,
1572,1,1,1,0,1,0,1,1,
1573,0,0,1,1,0,0,1,1,
1574,0,1,1,0,0,1,1,0,
1575,1,1,1,1,1,0,1,1,
1576,1,1,1,1,1,1,0,1,
1577,0,1,1,1,0,1,1,1,
1578,0,1,1,0,0,1,0,1,
1579,0,1,1,1,1,0,0,1,
1580,0,1,0,1,0,0,1,1,
1581,1,1,0,1,1,1,1,0,
1582,1,1,0,1,1,1,1,1,
1583,1,1,1,1,1,1,1,1,
1584,1,0,1,1,1,1,1,1,
1585,1,0,0,1,1,1,1,1,
1586,1,1,1,1,1,0,1,1,
1587,1,1,1,1,1,0,1,1,
1588,1,1,1,1,1,0,0,1,
1589,1,1,0,1,0,0,1,0,
1590,0,1,0,0,1,0,1,1,
1591,1,1,1,1,1,1,1,1,
1592,0,1,0,1,1,0,1,1,
1593,0,0,1,0,1,0,1,1,
1594,1,1,1,1,1,1,1,1,
1595,1,0,0,1,0,1,0,1,
1596,0,1,1,1,1,1,1,1,
1597,1,1,1,1,1,0,1,1,
1598,1,0,1,1,1,1,0,0,
1599,0,0,0,1,1,1,1,1,
1600,0,1,1,0,1,1,0,1,
1601,0,0,1,0,1,1,1,1,
1602,1,1,0,0,0,1,1,1,
1603,1,0,0,1,0,1,1,0,
1604,1,0,0,0,1,1,1,1,
1605,0,1,1,1,0,1,0,0,
1606,1,1,0,0,0,1,0,1,
1607,0,1,1,1,1,1,0,1,
1608,1,0,1,1,0,1,1,1,
1609,1,0,1,1,1,0,1,0,
1610,1,1,0,1,1,0,0,0,
1611,0,1,0,1,0,0,1,1,
1612,1,0,1,1,1,0,1,1,
1613,1,1,1,1,1,0,1,0,
1614,1,1,0,1,1,1,1,0,
1615,1,0,1,1,1,0,0,1,
1616,1,1,1,0,1,1,1,0,
1617,1,1,0,1,1,1,1,0,
1618,1,1,0,1,1,1,1,0,
1619,1,1,1,1,0,0,0,0,
1620,1,1,1,0,0,1,0,1,
1621,1,1,0,1,1,1,1,0,
1622,1,1,0,0,0,0,1,1,
1623,1,0,1,1,1,0,1,1,
1624,0,1,0,1,1,1,1,1,
1625,1,0,1,1,1,1,1,0,
1626,1,1,1,1,1,1,1,1,
1627,0,0,1,1,1,1,0,1,
1628,1,1,1,1,1,1,1,1,
1629,1,1,1,0,0,1,1,1,
1630,1,1,1,1,0,1,1,1,
1631,0,1,1,1,0,1,0,1,
1632,1,1,1,1,1,0,0,1,
1633,0,1,1,0,0,1,0,0,
1634,1,1,0,1,1,0,1,1,
1635,1,1,1,1,1,1,1,1,
1636,0,1,1,0,1,1,1,1,
1637,1,1,0,1,1,1,1,0,
1638,1,1,1,1,0,0,0,0,
1639,1,1,0,1,0,1,0,1,
1640,1,0,1,0,1,0,1,1,
1641,1,1,1,0,1,1,0,1,
1642,0,1,1,1,1,1,0,1,
1643,0,1,0,0,1,0,1,1,
1644,1,1,1,0,0,0,1,0,
1645,1,1,0,1,1,1,1,1,
1646,1,1,1,1,0,1,0,1,
1647,1,0,0,0,1,1,0,1,
1648,1,1,1,0,1,0,1,1,
1649,0,1,0,1,1,1,1,1,
1650,1,0,1,1,0,1,1,0,
1651,0,0,1,1,1,0,1,0,
1652,1,1,1,1,1,1,1,1,
1653,1,0,1,0,1,1,0,1,
1654,1,1,1,0,0,1,0,1,
1655,0,0,0,0,0,1,1,1,
1656,0,1,0,1,0,0,0,1,
1657,1,0,1,1,1,0,1,1,
1658,0,0,0,1,1,0,1,0,
1659,0,1,1,0,1,1,1,1,
1660,1,0,0,1,0,0,1,0,
1661,1,1,0,1,0,1,1,1,
1662,1,1,1,1,1,0,1,1,
1663,0,1,0,1,1,1,1,1,
1664,0,0,1,1,0,1,1,0,
1665,0,1,0,0,1,1,1,1,
1666,0,1,0,0,1,1,0,0,
1667,1,1,1,1,0,1,0,1,
1668,1,1,0,0,0,0,1,1,
1669,1,1,1,1,1,1,1,1,
1670,0,1,1,1,0,0,0,1,
1671,1,0,1,1,1,0,1,0,
1672,1,0,1,0,1,1,1,1,
1673,0,1,0,1,0,0,1,1,
1674,1,1,0,1,1,1,0,1,
1675,1,1,1,0,0,1,1,0,
1676,1,1,0,1,1,1,0,0,
1677,1,1,1,1,0,1,1,0,
1678,0,0,1,1,0,1,1,1,
1679,1,1,1,0,0,1,1,1,
1680,1,1,0,0,1,0,0,0,
1681,1,0,1,1,1,0,0,1,
1682,1,1,1,1,1,1,1,1,
1683,0,0,1,1,1,1,1,1,
1684,1,0,1,0,0,1,1,1,
1685,1,1,1,0,0,1,1,0,
1686,1,1,1,1,1,0,1,1,
1687,1,1,0,0,1,1,0,1,
1688,1,0,1,1,1,0,1,1,
